<!-- Local rules -->

<!-- Modify it at your will. -->
<!-- Copyright (C) 2015, Wazuh Inc. -->

<!-- Example -->
<group name="local,syslog,sshd,">

  <!--
  Dec 10 01:02:02 host sshd[1234]: Failed none for root from 1.1.1.1 port 1066 ssh2
  -->
  <rule id="100001" level="5">
    <if_sid>5716</if_sid>
    <srcip>1.1.1.1</srcip>
    <description>sshd: authentication failed from IP 1.1.1.1.</description>
    <group>authentication_failed,pci_dss_10.2.4,pci_dss_10.2.5,</group>
  </rule>

</group>

<group name="syscheck,pci_dss_11.5,nist_800_53_SI.7,">
    <!-- Rules for Linux systems -->
    <rule id="100200" level="7">
        <if_sid>550</if_sid>
        <field name="file">/root</field>
        <description>File modified in /root directory.</description>
    </rule>
    <rule id="100201" level="7">
        <if_sid>554</if_sid>
        <field name="file">/root</field>
        <description>File added to /root directory.</description>
    </rule>
</group>

<group name="virustotal,">
  <rule id="100092" level="12">
    <if_sid>657</if_sid>
    <match>Successfully removed threat</match>
    <description>$(parameters.program) removed threat located at $(parameters.alert.data.virustotal.source.file)</description>
  </rule>

  <rule id="100093" level="12">
    <if_sid>657</if_sid>
    <match>Error removing threat</match>
    <description>Error removing threat located at $(parameters.alert.data.virustotal.source.file)</description>
  </rule>
</group>

<group name="audit">
  <rule id="100210" level="12">
      <if_sid>80792</if_sid>
  <list field="audit.command" lookup="match_key_value" check_value="red">etc/lists/suspicious-programs</list>
    <description>Audit: Highly Suspicious Command executed: $(audit.exe)</description>
  </rule>
</group>

<group name="syscheck,">
  <rule id="100300" level="7">
    <if_sid>550</if_sid>
    <field name="file">/home/kali/tmp/</field>
    <description>File modified in /home/kali/tmp/ directory.</description>
  </rule>
  <rule id="100301" level="7">
    <if_sid>554</if_sid>
    <field name="file">/home/kali/tmp/</field>
    <description>File added to /home/kali/tmp/ directory.</description>
  </rule>
</group>

<group name="yara,">
  <rule id="108000" level="0">
    <decoded_as>yara_decoder</decoded_as>
    <description>Yara grouping rule</description>
  </rule>
  <rule id="108001" level="12">
    <if_sid>108000</if_sid>
    <match>wazuh-yara: INFO - Scan result: </match>
    <description>File "$(yara_scanned_file)" is a positive match. Yara rule: $(yara_rule)</description>
  </rule>
</group>

<group name="ossec,">
  <rule id="100050" level="0">
    <if_sid>530</if_sid>
    <match>^ossec: output: 'process list'</match>
    <description>List of running processes.</description>
    <group>process_monitor,</group>
  </rule>

  <rule id="100051" level="7" ignore="900">
    <if_sid>100050</if_sid>
    <match>nc -l</match>
    <description>netcat listening for incoming connections.</description>
    <group>process_monitor,</group>
  </rule>
</group>
